<?xml version="1.0" encoding="UTF-8" ?>
<!DOCTYPE mapper
        PUBLIC "-//mybatis.org//DTD Mapper 3.0//EN"
        "http://mybatis.org/dtd/mybatis-3-mapper.dtd">
<mapper namespace="com.scut.tliasweb.mapper.ClazzMapper">

    <update id="update">
        update clazz set
        <if test="name != null and name != ''">name = #{name},</if>
        <if test="room != null and room != ''">room = #{room},</if>
        <if test="beginDate != null">begin_date = #{beginDate},</if>
        <if test="endDate != null">end_date = #{endDate},</if>
        <if test="masterId != null">master_id = #{masterId},</if>
        <if test="masterName != null and masterName != ''">master_name = #{masterName},</if>
        <if test="status != null and status != ''">status = #{status},</if>
        update_time = now() where id = #{id}
    </update>
</mapper>