<?xml version="1.0" encoding="UTF-8" ?>
<!DOCTYPE mapper
        PUBLIC "-//mybatis.org//DTD Mapper 3.0//EN"
        "http://mybatis.org/dtd/mybatis-3-mapper.dtd">
<mapper namespace="com.scut.tliasweb.mapper.EmpExprMapper">
    <insert id="add">
        insert into emp_expr(emp_id,company,job,begin,end) values
        <foreach item="item" collection="exprList" separator=",">
            (#{item.empId},#{item.company},#{item.job},#{item.begin},#{item.end})
        </foreach>
    </insert>

    <delete id="delete">
        delete from emp_expr where emp_id in
        <foreach item="id" collection="ids" open=" (" separator="," close=")">
            #{id}
        </foreach>
    </delete>
</mapper>