<?xml version="1.0" encoding="UTF-8" ?>
<!DOCTYPE mapper
        PUBLIC "-//mybatis.org//DTD Mapper 3.0//EN"
        "http://mybatis.org/dtd/mybatis-3-mapper.dtd">
<mapper namespace="com.scut.tliasweb.mapper.StudentMapper">
    <update id="update">
        update students set
        <if test="name != null and name != ''">name = #{name},</if>
        <if test="no != null and no != ''">no = #{no},</if>
        <if test="gender != null and gender != ''">gender = #{gender},</if>
        <if test="phone != null and phone != ''">phone = #{phone},</if>
        <if test="degree != null and degree != ''">degree = #{degree},</if>
        <if test="idCard != null and idCard != ''">id_card = #{idCard},</if>
        <if test="isCollege != null">is_College = #{isCollege},</if>
        <if test="address != null and address != ''">address = #{address},</if>
        <if test="graduationDate != null">graduation_date = #{graduationDate},</if>
        <if test="clazzId != null">clazz_id = #{clazzId},</if>
        <if test="clazzName != null and clazzName != ''">clazz_name = #{clazzName},</if>
        <if test="violationCount != null">violation_count = #{violationCount},</if>
        <if test="violationScore != null">violation_score = #{violationScore},</if>
        update_time = now() where id = #{id}
    </update>

    <delete id="delete">
        delete from students where id in
        <foreach item="id" collection="ids" open=" (" separator="," close=")">
            #{id}
        </foreach>
    </delete>
</mapper>